{
    "0": 0.008994860079954313,
    "1": 0.008994860079954313,
    "2": 0.008994860079954313,
    "3": 0.009280411193603656,
    "4": 0.009280411193603656,
    "5": 0.009280411193603656,
    "6": 0.009280411193603656,
    "7": 0.009280411193603656,
    "8": 0.009137635636778985,
    "9": 0.008994860079954313,
    "10": 0.008852084523129642,
    "11": 0.008709308966304969,
    "12": 0.008566533409480298,
    "13": 0.008423757852655625,
    "14": 0.008280982295830956,
    "15": 0.008138206739006284,
    "16": 0.008138206739006284,
    "17": 0.008423757852655627,
    "18": 0.008709308966304969,
    "19": 0.009280411193603656,
    "20": 0.009994288977727014,
    "21": 0.010850942318675044,
    "22": 0.011850371216447745,
    "23": 0.012849800114220447,
    "24": 0.01399200456881782,
    "25": 0.015276984580239867,
    "26": 0.016276413478012567,
    "27": 0.017133066818960596,
    "28": 0.017846944603083954,
    "29": 0.01841804683038264,
    "30": 0.018703597944031983,
    "31": 0.018560822387207312,
    "32": 0.01827527127355797,
    "33": 0.017989720159908625,
    "34": 0.017704169046259283,
    "35": 0.017418617932609938,
    "36": 0.016990291262135925,
    "37": 0.016704740148486583,
    "38": 0.016419189034837238,
    "39": 0.016133637921187896,
    "40": 0.01584808680753855,
    "41": 0.015419760137064536,
    "42": 0.014991433466590522,
    "43": 0.014563106796116505,
    "44": 0.01413478012564249,
    "45": 0.013849229011993147,
    "46": 0.013420902341519133,
    "47": 0.012992575671045118,
    "48": 0.012564249000571102,
    "49": 0.012135922330097087,
    "50": 0.011850371216447745,
    "51": 0.0115648201027984,
    "52": 0.011279268989149058,
    "53": 0.011136493432324385,
    "54": 0.010993717875499713,
    "55": 0.011136493432324385,
    "56": 0.011279268989149058,
    "57": 0.011422044545973729,
    "58": 0.0115648201027984,
    "59": 0.011707595659623073,
    "60": 0.011850371216447745,
    "61": 0.011993146773272416,
    "62": 0.011850371216447745,
    "63": 0.011707595659623073,
    "64": 0.0115648201027984,
    "65": 0.011422044545973729,
    "66": 0.011279268989149058,
    "67": 0.011136493432324385,
    "68": 0.010993717875499713,
    "69": 0.010993717875499713,
    "70": 0.010993717875499713,
    "71": 0.010993717875499713,
    "72": 0.010850942318675042,
    "73": 0.01070816676185037,
    "74": 0.010137064534551687,
    "75": 0.009280411193603656,
    "76": 0.008423757852655625,
    "77": 0.007567104511707595,
    "78": 0.006710451170759566,
    "79": 0.005996573386636208,
    "80": 0.005139920045688179,
    "81": 0.004711593375214164,
    "82": 0.004568817818389493,
    "83": 0.004283266704740149,
    "84": 0.003997715591090805,
    "85": 0.0035693889206167913,
    "86": 0.0031410622501427754,
    "87": 0.002647837599293911,
    "88": 0.0021546129484450445,
    "89": 0.0016613882975961788,
    "90": 0.0013109392035719851,
    "91": 0.0009604901095477908,
    "92": 0.0007528165723482686,
    "93": 0.0005451430351487462,
    "94": 0.0005451430351487462,
    "95": 0.0005451430351487462,
    "96": 0.0005451430351487462,
    "97": 0.0005451430351487462,
    "98": 0.0005451430351487462,
    "99": 0.0005451430351487462,
    "100": 0.0005451430351487462
}